capture	status_line	headers_in_order	body_bytes	body_sha256_16
A01_get-root-auth	HTTP/1.1 200 OK	Server: Werkzeug/3.1.9 Python/3.11.15 | Date: Sun, 27 Sep 2026 19:08:51 GMT | Content-Type: text/html; charset=utf-8 | Content-Length: 2028 | Connection: close	2028	b3c1001d2417d321
A02_get-root-noauth	HTTP/1.1 401 UNAUTHORIZED	Server: Werkzeug/3.1.9 Python/3.11.15 | Date: Sun, 27 Sep 2026 19:08:51 GMT | WWW-Authenticate: Basic realm="OctoBot Login Required" | Content-Type: text/html; charset=utf-8 | Content-Length: 23 | Connection: close	23	0fcfb12dfad07ba0
A03_get-root-badauth	HTTP/1.1 401 UNAUTHORIZED	Server: Werkzeug/3.1.9 Python/3.11.15 | Date: Sun, 27 Sep 2026 19:08:51 GMT | WWW-Authenticate: Basic realm="OctoBot Login Required" | Content-Type: text/html; charset=utf-8 | Content-Length: 23 | Connection: close	23	0fcfb12dfad07ba0
A04_get-root-user-noauth	HTTP/1.1 401 UNAUTHORIZED	Server: Werkzeug/3.1.9 Python/3.11.15 | Date: Sun, 27 Sep 2026 19:08:51 GMT | WWW-Authenticate: Basic realm="OctoBot Login Required" | Content-Type: text/html; charset=utf-8 | Content-Length: 23 | Connection: close	23	0fcfb12dfad07ba0
A05_get-auth-empty-basic	HTTP/1.1 401 UNAUTHORIZED	Server: Werkzeug/3.1.9 Python/3.11.15 | Date: Sun, 27 Sep 2026 19:08:51 GMT | WWW-Authenticate: Basic realm="OctoBot Login Required" | Content-Type: text/html; charset=utf-8 | Content-Length: 23 | Connection: close	23	0fcfb12dfad07ba0
A05b_get-auth-badtoken	HTTP/1.1 401 UNAUTHORIZED	Server: Werkzeug/3.1.9 Python/3.11.15 | Date: Sun, 27 Sep 2026 19:08:51 GMT | WWW-Authenticate: Basic realm="OctoBot Login Required" | Content-Type: text/html; charset=utf-8 | Content-Length: 23 | Connection: close	23	0fcfb12dfad07ba0
A05c_get-auth-no-colon	HTTP/1.1 401 UNAUTHORIZED	Server: Werkzeug/3.1.9 Python/3.11.15 | Date: Sun, 27 Sep 2026 19:08:51 GMT | WWW-Authenticate: Basic realm="OctoBot Login Required" | Content-Type: text/html; charset=utf-8 | Content-Length: 23 | Connection: close	23	0fcfb12dfad07ba0
A05d_get-auth-empty-pw	HTTP/1.1 401 UNAUTHORIZED	Server: Werkzeug/3.1.9 Python/3.11.15 | Date: Sun, 27 Sep 2026 19:08:51 GMT | WWW-Authenticate: Basic realm="OctoBot Login Required" | Content-Type: text/html; charset=utf-8 | Content-Length: 23 | Connection: close	23	0fcfb12dfad07ba0
A06_get-config-auth	HTTP/1.1 200 OK	Server: Werkzeug/3.1.9 Python/3.11.15 | Date: Sun, 27 Sep 2026 19:08:51 GMT | Content-Type: text/html; charset=utf-8 | Content-Length: 6742 | Connection: close	6742	c2f21ba9c9e2272d
A07_get-config-ingress	HTTP/1.1 200 OK	Server: Werkzeug/3.1.9 Python/3.11.15 | Date: Sun, 27 Sep 2026 19:08:51 GMT | Content-Type: text/html; charset=utf-8 | Content-Length: 6742 | Connection: close	6742	c2f21ba9c9e2272d
A08_get-config-hassio	HTTP/1.1 200 OK	Server: Werkzeug/3.1.9 Python/3.11.15 | Date: Sun, 27 Sep 2026 19:08:51 GMT | Content-Type: text/html; charset=utf-8 | Content-Length: 6742 | Connection: close	6742	c2f21ba9c9e2272d
A08b_get-config-ingress-empty	HTTP/1.1 401 UNAUTHORIZED	Server: Werkzeug/3.1.9 Python/3.11.15 | Date: Sun, 27 Sep 2026 19:08:51 GMT | WWW-Authenticate: Basic realm="OctoBot Login Required" | Content-Type: text/html; charset=utf-8 | Content-Length: 23 | Connection: close	23	0fcfb12dfad07ba0
A08c_get-root-ingress	HTTP/1.1 200 OK	Server: Werkzeug/3.1.9 Python/3.11.15 | Date: Sun, 27 Sep 2026 19:08:51 GMT | Content-Type: text/html; charset=utf-8 | Content-Length: 2028 | Connection: close	2028	b3c1001d2417d321
A09_get-config-noauth	HTTP/1.1 401 UNAUTHORIZED	Server: Werkzeug/3.1.9 Python/3.11.15 | Date: Sun, 27 Sep 2026 19:08:51 GMT | WWW-Authenticate: Basic realm="OctoBot Login Required" | Content-Type: text/html; charset=utf-8 | Content-Length: 23 | Connection: close	23	0fcfb12dfad07ba0
A10_get-logs-auth	HTTP/1.1 200 OK	Server: Werkzeug/3.1.9 Python/3.11.15 | Date: Sun, 27 Sep 2026 19:08:51 GMT | Content-Type: text/html; charset=utf-8 | Content-Length: 8755 | Connection: close	8755	5324bb9b9b6021b2
A11_get-404	HTTP/1.1 404 NOT FOUND	Server: Werkzeug/3.1.9 Python/3.11.15 | Date: Sun, 27 Sep 2026 19:08:51 GMT | Content-Type: text/html; charset=utf-8 | Content-Length: 207 | Connection: close	207	e9639e3c4681ce85
A12_head-root	HTTP/1.1 200 OK	Server: Werkzeug/3.1.9 Python/3.11.15 | Date: Sun, 27 Sep 2026 19:08:51 GMT | Content-Type: text/html; charset=utf-8 | Content-Length: 2028 | Connection: close	0	e3b0c44298fc1c14
A13_post-root-405	HTTP/1.1 405 METHOD NOT ALLOWED	Server: Werkzeug/3.1.9 Python/3.11.15 | Date: Sun, 27 Sep 2026 19:08:51 GMT | Content-Type: text/html; charset=utf-8 | Allow: GET, HEAD, OPTIONS | Content-Length: 153 | Connection: close	153	bfb286554b24db87
A14_get-favicon	HTTP/1.1 404 NOT FOUND	Server: Werkzeug/3.1.9 Python/3.11.15 | Date: Sun, 27 Sep 2026 19:08:51 GMT | Content-Type: text/html; charset=utf-8 | Content-Length: 207 | Connection: close	207	e9639e3c4681ce85
A15_get-static	HTTP/1.1 404 NOT FOUND	Server: Werkzeug/3.1.9 Python/3.11.15 | Date: Sun, 27 Sep 2026 19:08:51 GMT | Content-Type: text/html; charset=utf-8 | Content-Length: 207 | Connection: close	207	e9639e3c4681ce85
A16_options-root	HTTP/1.1 200 OK	Server: Werkzeug/3.1.9 Python/3.11.15 | Date: Sun, 27 Sep 2026 19:08:51 GMT | Content-Type: text/html; charset=utf-8 | Allow: GET, HEAD, OPTIONS | Content-Length: 0 | Connection: close	0	e3b0c44298fc1c14
A17_post-logs-405	HTTP/1.1 405 METHOD NOT ALLOWED	Server: Werkzeug/3.1.9 Python/3.11.15 | Date: Sun, 27 Sep 2026 19:08:51 GMT | Content-Type: text/html; charset=utf-8 | Allow: GET, HEAD, OPTIONS | Content-Length: 153 | Connection: close	153	bfb286554b24db87
A17b_post-404	HTTP/1.1 404 NOT FOUND	Server: Werkzeug/3.1.9 Python/3.11.15 | Date: Sun, 27 Sep 2026 19:08:51 GMT | Content-Type: text/html; charset=utf-8 | Content-Length: 207 | Connection: close	207	e9639e3c4681ce85
A18_get-config-slash-404	HTTP/1.1 404 NOT FOUND	Server: Werkzeug/3.1.9 Python/3.11.15 | Date: Sun, 27 Sep 2026 19:08:51 GMT | Content-Type: text/html; charset=utf-8 | Content-Length: 207 | Connection: close	207	e9639e3c4681ce85
A19_get-root-double-slash	HTTP/1.1 200 OK	Server: Werkzeug/3.1.9 Python/3.11.15 | Date: Sun, 27 Sep 2026 19:08:51 GMT | Content-Type: text/html; charset=utf-8 | Content-Length: 2028 | Connection: close	2028	b3c1001d2417d321
A19b_get-root-dotdot	HTTP/1.1 404 NOT FOUND	Server: Werkzeug/3.1.9 Python/3.11.15 | Date: Sun, 27 Sep 2026 19:08:51 GMT | Content-Type: text/html; charset=utf-8 | Content-Length: 207 | Connection: close	207	e9639e3c4681ce85
A20_get-root-http10	HTTP/1.1 200 OK	Server: Werkzeug/3.1.9 Python/3.11.15 | Date: Sun, 27 Sep 2026 19:08:51 GMT | Content-Type: text/html; charset=utf-8 | Content-Length: 2028 | Connection: close	2028	b3c1001d2417d321
A21_get-root-close	HTTP/1.1 200 OK	Server: Werkzeug/3.1.9 Python/3.11.15 | Date: Sun, 27 Sep 2026 19:08:51 GMT | Content-Type: text/html; charset=utf-8 | Content-Length: 2028 | Connection: close	2028	b3c1001d2417d321
A22_get-root-host-other	HTTP/1.1 200 OK	Server: Werkzeug/3.1.9 Python/3.11.15 | Date: Sun, 27 Sep 2026 19:08:51 GMT | Content-Type: text/html; charset=utf-8 | Content-Length: 2028 | Connection: close	2028	b3c1001d2417d321
A23_get-root-fwd	HTTP/1.1 200 OK	Server: Werkzeug/3.1.9 Python/3.11.15 | Date: Sun, 27 Sep 2026 19:08:51 GMT | Content-Type: text/html; charset=utf-8 | Content-Length: 2028 | Connection: close	2028	b3c1001d2417d321
A24_get-root-http10-host	HTTP/1.1 200 OK	Server: Werkzeug/3.1.9 Python/3.11.15 | Date: Sun, 27 Sep 2026 19:08:51 GMT | Content-Type: text/html; charset=utf-8 | Content-Length: 2028 | Connection: close	2028	b3c1001d2417d321
A24b_post-config-http10	HTTP/1.1 302 FOUND	Server: Werkzeug/3.1.9 Python/3.11.15 | Date: Sun, 27 Sep 2026 19:08:51 GMT | Content-Type: text/html; charset=utf-8 | Content-Length: 199 | Location: config | Vary: Cookie | Set-Cookie: session=.eJwtijEKgDAMAL8SMyn4Alcf4SAioaZaCK006SDFv6vgdHB3FVcvpAcrDnNFsBeoxTlWxR7HFH3YSyYLKUI5NzLe4O--iFwNtFMQgczKBu_kUjQKkfOnjLJ1uNzL_QCzfCX5.arlpww.9kT18PwkUViNfqmeZDCt9OFz2BM; HttpOnly; Path=/ | Connection: close	199	275acde84da62fa1
A24c_post-config-host	HTTP/1.1 302 FOUND	Server: Werkzeug/3.1.9 Python/3.11.15 | Date: Sun, 27 Sep 2026 19:08:51 GMT | Content-Type: text/html; charset=utf-8 | Content-Length: 199 | Location: config | Vary: Cookie | Set-Cookie: session=.eJwtijEKgDAMAL8SMyn4Alcf4SAioaZaCK006SDFv6vgdHB3FVcvpAcrDnNFsBeoxTlWxR7HFH3YSyYLKUI5NzLe4O--iFwNtFMQgczKBu_kUjQKkfOnjLJ1uNzL_QCzfCX5.arlpww.9kT18PwkUViNfqmeZDCt9OFz2BM; HttpOnly; Path=/ | Connection: close	199	275acde84da62fa1
A24d_post-config-fwd	HTTP/1.1 302 FOUND	Server: Werkzeug/3.1.9 Python/3.11.15 | Date: Sun, 27 Sep 2026 19:08:51 GMT | Content-Type: text/html; charset=utf-8 | Content-Length: 199 | Location: config | Vary: Cookie | Set-Cookie: session=.eJwtijEKgDAMAL8SMyn4Alcf4SAioaZaCK006SDFv6vgdHB3FVcvpAcrDnNFsBeoxTlWxR7HFH3YSyYLKUI5NzLe4O--iFwNtFMQgczKBu_kUjQKkfOnjLJ1uNzL_QCzfCX5.arlpww.9kT18PwkUViNfqmeZDCt9OFz2BM; HttpOnly; Path=/ | Connection: close	199	275acde84da62fa1
A24e_post-config-script	HTTP/1.1 302 FOUND	Server: Werkzeug/3.1.9 Python/3.11.15 | Date: Sun, 27 Sep 2026 19:08:51 GMT | Content-Type: text/html; charset=utf-8 | Content-Length: 199 | Location: config | Vary: Cookie | Set-Cookie: session=.eJwtijEKgDAMAL8SMyn4Alcf4SAioaZaCK006SDFv6vgdHB3FVcvpAcrDnNFsBeoxTlWxR7HFH3YSyYLKUI5NzLe4O--iFwNtFMQgczKBu_kUjQKkfOnjLJ1uNzL_QCzfCX5.arlpww.9kT18PwkUViNfqmeZDCt9OFz2BM; HttpOnly; Path=/ | Connection: close	199	275acde84da62fa1
A25_post-config-valid	HTTP/1.1 302 FOUND	Server: Werkzeug/3.1.9 Python/3.11.15 | Date: Sun, 27 Sep 2026 19:08:51 GMT | Content-Type: text/html; charset=utf-8 | Content-Length: 199 | Location: config | Vary: Cookie | Set-Cookie: session=.eJwtijEKgDAMAL8SMyn4Alcf4SAioaZaCK006SDFv6vgdHB3FVcvpAcrDnNFsBeoxTlWxR7HFH3YSyYLKUI5NzLe4O--iFwNtFMQgczKBu_kUjQKkfOnjLJ1uNzL_QCzfCX5.arlpww.9kT18PwkUViNfqmeZDCt9OFz2BM; HttpOnly; Path=/ | Connection: close	199	275acde84da62fa1
A26_get-config-flash	HTTP/1.1 200 OK	Server: Werkzeug/3.1.9 Python/3.11.15 | Date: Sun, 27 Sep 2026 19:08:51 GMT | Content-Type: text/html; charset=utf-8 | Content-Length: 7016 | Vary: Cookie | Set-Cookie: session=; Expires=Thu, 01 Jan 1970 00:00:00 GMT; Max-Age=0; HttpOnly; Path=/ | Connection: close	7016	eb53b0614f0f43a5
A27_post-config-bad-time	HTTP/1.1 302 FOUND	Server: Werkzeug/3.1.9 Python/3.11.15 | Date: Sun, 27 Sep 2026 19:08:51 GMT | Content-Type: text/html; charset=utf-8 | Content-Length: 199 | Location: config | Vary: Cookie | Set-Cookie: session=eyJfZmxhc2hlcyI6W3siIHQiOlsiZXJyb3IiLCJFeGVjdXRpb24gdGltZSBtdXN0IGJlIGluIEhIOk1NIGZvcm1hdCAoMDA6MDAgdG8gMjM6NTkpIl19XX0.arlpww.3eLP0PWpX67gApn30ataK0wmvQM; HttpOnly; Path=/ | Connection: close	199	275acde84da62fa1
A28_get-config-flash-err	HTTP/1.1 200 OK	Server: Werkzeug/3.1.9 Python/3.11.15 | Date: Sun, 27 Sep 2026 19:08:51 GMT | Content-Type: text/html; charset=utf-8 | Content-Length: 6996 | Vary: Cookie | Set-Cookie: session=; Expires=Thu, 01 Jan 1970 00:00:00 GMT; Max-Age=0; HttpOnly; Path=/ | Connection: close	6996	8da343522020a49c
A28b_get-config-flash-twice	HTTP/1.1 200 OK	Server: Werkzeug/3.1.9 Python/3.11.15 | Date: Sun, 27 Sep 2026 19:08:51 GMT | Content-Type: text/html; charset=utf-8 | Content-Length: 6996 | Vary: Cookie | Set-Cookie: session=; Expires=Thu, 01 Jan 1970 00:00:00 GMT; Max-Age=0; HttpOnly; Path=/ | Connection: close	6996	8da343522020a49c
A28c_get-config-badcookie	HTTP/1.1 200 OK	Server: Werkzeug/3.1.9 Python/3.11.15 | Date: Sun, 27 Sep 2026 19:08:51 GMT | Content-Type: text/html; charset=utf-8 | Content-Length: 6742 | Connection: close	6742	c2f21ba9c9e2272d
A29_post-config-bad-num	HTTP/1.1 302 FOUND	Server: Werkzeug/3.1.9 Python/3.11.15 | Date: Sun, 27 Sep 2026 19:08:51 GMT | Content-Type: text/html; charset=utf-8 | Content-Length: 199 | Location: config | Vary: Cookie | Set-Cookie: session=eyJfZmxhc2hlcyI6W3siIHQiOlsiZXJyb3IiLCJTd2l0Y2ggdGhyZXNob2xkIG11c3QgYmUgYSBudW1iZXIiXX1dfQ.arlpww.7qiqolfinNcqyx2VYuV2UwZNdCM; HttpOnly; Path=/ | Connection: close	199	275acde84da62fa1
A30_post-config-negative	HTTP/1.1 302 FOUND	Server: Werkzeug/3.1.9 Python/3.11.15 | Date: Sun, 27 Sep 2026 19:08:51 GMT | Content-Type: text/html; charset=utf-8 | Content-Length: 199 | Location: config | Vary: Cookie | Set-Cookie: session=eyJfZmxhc2hlcyI6W3siIHQiOlsiZXJyb3IiLCJTd2l0Y2ggdGhyZXNob2xkIG11c3QgYmUgcG9zaXRpdmUiXX1dfQ.arlpww.qRRpUBJATkMTeguRR2QjwY5I7tQ; HttpOnly; Path=/ | Connection: close	199	275acde84da62fa1
A31_post-config-both-bad	HTTP/1.1 302 FOUND	Server: Werkzeug/3.1.9 Python/3.11.15 | Date: Sun, 27 Sep 2026 19:08:51 GMT | Content-Type: text/html; charset=utf-8 | Content-Length: 199 | Location: config | Vary: Cookie | Set-Cookie: session=.eJxdzLEKwjAURuFX-bmTQoegOJhd6NLJUUpJ6y0JNAnc3KBQ-u7t5OB0pvOtNMyLK54L2ddK0CPEIlmooceXp6ohJ2iIjFiLYmSEhLa1XYc5S3SKkzHWGGjG5Wpv9zP1W_NPPT9BJw_1wsXn5f3DHFKNI8sx9dsOycsuSw.arlpww.CMdOZLZ6-v8cdLoRI_lSUUIoiC8; HttpOnly; Path=/ | Connection: close	199	275acde84da62fa1
A32_post-config-noauth	HTTP/1.1 401 UNAUTHORIZED	Server: Werkzeug/3.1.9 Python/3.11.15 | Date: Sun, 27 Sep 2026 19:08:51 GMT | WWW-Authenticate: Basic realm="OctoBot Login Required" | Content-Type: text/html; charset=utf-8 | Content-Length: 23 | Connection: close	23	0fcfb12dfad07ba0
A33_post-config-empty-body	HTTP/1.1 302 FOUND	Server: Werkzeug/3.1.9 Python/3.11.15 | Date: Sun, 27 Sep 2026 19:08:51 GMT | Content-Type: text/html; charset=utf-8 | Content-Length: 199 | Location: config | Vary: Cookie | Set-Cookie: session=.eJwtijEKgDAMAL8SMyn4Alcf4SAioaZaCK006SDFv6vgdHB3FVcvpAcrDnNFsBeoxTlWxR7HFH3YSyYLKUI5NzLe4O--iFwNtFMQgczKBu_kUjQKkfOnjLJ1uNzL_QCzfCX5.arlpww.9kT18PwkUViNfqmeZDCt9OFz2BM; HttpOnly; Path=/ | Connection: close	199	275acde84da62fa1
A34_post-config-empty-form	HTTP/1.1 302 FOUND	Server: Werkzeug/3.1.9 Python/3.11.15 | Date: Sun, 27 Sep 2026 19:08:51 GMT | Content-Type: text/html; charset=utf-8 | Content-Length: 199 | Location: config | Vary: Cookie | Set-Cookie: session=.eJwtijEKgDAMAL8SMyn4Alcf4SAioaZaCK006SDFv6vgdHB3FVcvpAcrDnNFsBeoxTlWxR7HFH3YSyYLKUI5NzLe4O--iFwNtFMQgczKBu_kUjQKkfOnjLJ1uNzL_QCzfCX5.arlpww.9kT18PwkUViNfqmeZDCt9OFz2BM; HttpOnly; Path=/ | Connection: close	199	275acde84da62fa1
A35_post-config-missing-fields	HTTP/1.1 302 FOUND	Server: Werkzeug/3.1.9 Python/3.11.15 | Date: Sun, 27 Sep 2026 19:08:51 GMT | Content-Type: text/html; charset=utf-8 | Content-Length: 199 | Location: config | Vary: Cookie | Set-Cookie: session=.eJwtijEKgDAMAL8SMyn4Alcf4SAioaZaCK006SDFv6vgdHB3FVcvpAcrDnNFsBeoxTlWxR7HFH3YSyYLKUI5NzLe4O--iFwNtFMQgczKBu_kUjQKkfOnjLJ1uNzL_QCzfCX5.arlpww.9kT18PwkUViNfqmeZDCt9OFz2BM; HttpOnly; Path=/ | Connection: close	199	275acde84da62fa1
A36_post-config-unicode	HTTP/1.1 302 FOUND	Server: Werkzeug/3.1.9 Python/3.11.15 | Date: Sun, 27 Sep 2026 19:08:51 GMT | Content-Type: text/html; charset=utf-8 | Content-Length: 199 | Location: config | Vary: Cookie | Set-Cookie: session=.eJwtijEKgDAMAL8SMyn4Alcf4SAioaZaCK006SDFv6vgdHB3FVcvpAcrDnNFsBeoxTlWxR7HFH3YSyYLKUI5NzLe4O--iFwNtFMQgczKBu_kUjQKkfOnjLJ1uNzL_QCzfCX5.arlpww.9kT18PwkUViNfqmeZDCt9OFz2BM; HttpOnly; Path=/ | Connection: close	199	275acde84da62fa1
B01_get-index-pristine	HTTP/1.1 200 OK	Server: Werkzeug/3.1.9 Python/3.11.15 | Date: Sun, 27 Sep 2026 19:10:43 GMT | Content-Type: text/html; charset=utf-8 | Content-Length: 2028 | Connection: close	2028	b3c1001d2417d321
B02_get-config-pristine	HTTP/1.1 200 OK	Server: Werkzeug/3.1.9 Python/3.11.15 | Date: Sun, 27 Sep 2026 19:10:43 GMT | Content-Type: text/html; charset=utf-8 | Content-Length: 6749 | Connection: close	6749	f7b97d8a412d2798
B03_get-logs-edgecase	HTTP/1.1 200 OK	Server: Werkzeug/3.1.9 Python/3.11.15 | Date: Sun, 27 Sep 2026 19:10:43 GMT | Content-Type: text/html; charset=utf-8 | Content-Length: 2366 | Connection: close	2366	9eb2dc595f8a2243
B04_get-logs-crlf	HTTP/1.1 200 OK	Server: Werkzeug/3.1.9 Python/3.11.15 | Date: Sun, 27 Sep 2026 19:10:43 GMT | Content-Type: text/html; charset=utf-8 | Content-Length: 1871 | Connection: close	1871	ade24b960b66eea3
B05_get-logs-empty	HTTP/1.1 200 OK	Server: Werkzeug/3.1.9 Python/3.11.15 | Date: Sun, 27 Sep 2026 19:10:43 GMT | Content-Type: text/html; charset=utf-8 | Content-Length: 1589 | Connection: close	1589	ce5b9bde53f5bbe5
B06_get-logs-missing	HTTP/1.1 200 OK	Server: Werkzeug/3.1.9 Python/3.11.15 | Date: Sun, 27 Sep 2026 19:10:43 GMT | Content-Type: text/html; charset=utf-8 | Content-Length: 1754 | Connection: close	1754	c771c9351fe69467
B07_get-logs-badutf8	HTTP/1.1 200 OK	Server: Werkzeug/3.1.9 Python/3.11.15 | Date: Sun, 27 Sep 2026 19:10:43 GMT | Content-Type: text/html; charset=utf-8 | Content-Length: 1807 | Connection: close	1807	22724a29b691c70a
B08_get-logs-single-untimestamped	HTTP/1.1 200 OK	Server: Werkzeug/3.1.9 Python/3.11.15 | Date: Sun, 27 Sep 2026 19:10:43 GMT | Content-Type: text/html; charset=utf-8 | Content-Length: 1738 | Connection: close	1738	1473a68f16330f11
B09_get-logs-regex-oddities	HTTP/1.1 200 OK	Server: Werkzeug/3.1.9 Python/3.11.15 | Date: Sun, 27 Sep 2026 19:10:43 GMT | Content-Type: text/html; charset=utf-8 | Content-Length: 1950 | Connection: close	1950	124e8033780c7b78
B10_get-logs-long-line	HTTP/1.1 200 OK	Server: Werkzeug/3.1.9 Python/3.11.15 | Date: Sun, 27 Sep 2026 19:10:43 GMT | Content-Type: text/html; charset=utf-8 | Content-Length: 1768 | Connection: close	1768	8bf314f229db9bcd
B11_post-config-special	HTTP/1.1 302 FOUND	Server: Werkzeug/3.1.9 Python/3.11.15 | Date: Sun, 27 Sep 2026 19:10:43 GMT | Content-Type: text/html; charset=utf-8 | Content-Length: 199 | Location: config | Vary: Cookie | Set-Cookie: session=.eJwtijEKgDAMAL8SMyn4Alcf4SAioaZaCK006SDFv6vgdHB3FVcvpAcrDnNFsBeoxTlWxR7HFH3YSyYLKUI5NzLe4O--iFwNtFMQgczKBu_kUjQKkfOnjLJ1uNzL_QCzfCX5.arlqMw.Tyw-UWPUCyz6KfK3SImErPw0_0Q; HttpOnly; Path=/ | Connection: close	199	275acde84da62fa1
B12_get-config-escaped	HTTP/1.1 200 OK	Server: Werkzeug/3.1.9 Python/3.11.15 | Date: Sun, 27 Sep 2026 19:10:43 GMT | Content-Type: text/html; charset=utf-8 | Content-Length: 7155 | Vary: Cookie | Set-Cookie: session=; Expires=Thu, 01 Jan 1970 00:00:00 GMT; Max-Age=0; HttpOnly; Path=/ | Connection: close	7155	c74767d9810d62ee
B13_get-config-escaped-noflash	HTTP/1.1 200 OK	Server: Werkzeug/3.1.9 Python/3.11.15 | Date: Sun, 27 Sep 2026 19:10:43 GMT | Content-Type: text/html; charset=utf-8 | Content-Length: 6881 | Connection: close	6881	872c94f7a3792c5f
B14_post-config-duplicate	HTTP/1.1 302 FOUND	Server: Werkzeug/3.1.9 Python/3.11.15 | Date: Sun, 27 Sep 2026 19:10:43 GMT | Content-Type: text/html; charset=utf-8 | Content-Length: 199 | Location: config | Vary: Cookie | Set-Cookie: session=.eJwtijEKgDAMAL8SMyn4Alcf4SAioaZaCK006SDFv6vgdHB3FVcvpAcrDnNFsBeoxTlWxR7HFH3YSyYLKUI5NzLe4O--iFwNtFMQgczKBu_kUjQKkfOnjLJ1uNzL_QCzfCX5.arlqMw.Tyw-UWPUCyz6KfK3SImErPw0_0Q; HttpOnly; Path=/ | Connection: close	199	275acde84da62fa1
B15_get-config-after-duplicate	HTTP/1.1 200 OK	Server: Werkzeug/3.1.9 Python/3.11.15 | Date: Sun, 27 Sep 2026 19:10:43 GMT | Content-Type: text/html; charset=utf-8 | Content-Length: 6835 | Connection: close	6835	2763c3539a1a3881
B16_get-config-cookie-nonflash	HTTP/1.1 200 OK	Server: Werkzeug/3.1.9 Python/3.11.15 | Date: Sun, 27 Sep 2026 19:10:43 GMT | Content-Type: text/html; charset=utf-8 | Content-Length: 6835 | Connection: close	6835	2763c3539a1a3881
B17_get-config-cookie-expired	HTTP/1.1 200 OK	Server: Werkzeug/3.1.9 Python/3.11.15 | Date: Sun, 27 Sep 2026 19:10:43 GMT | Content-Type: text/html; charset=utf-8 | Content-Length: 6835 | Connection: close	6835	2763c3539a1a3881
B18_get-config-cookie-wrongkey	HTTP/1.1 200 OK	Server: Werkzeug/3.1.9 Python/3.11.15 | Date: Sun, 27 Sep 2026 19:10:43 GMT | Content-Type: text/html; charset=utf-8 | Content-Length: 6835 | Connection: close	6835	2763c3539a1a3881
B19_get-config-cookie-badpayload	HTTP/1.1 500 INTERNAL SERVER ERROR	Server: Werkzeug/3.1.9 Python/3.11.15 | Date: Sun, 27 Sep 2026 19:10:43 GMT | Content-Type: text/html; charset=utf-8 | Content-Length: 265 | Connection: close	265	ae5163256b944013
B20_get-config-cookie-empty	HTTP/1.1 200 OK	Server: Werkzeug/3.1.9 Python/3.11.15 | Date: Sun, 27 Sep 2026 19:10:43 GMT | Content-Type: text/html; charset=utf-8 | Content-Length: 6835 | Connection: close	6835	2763c3539a1a3881
B21_get-config-cookie-garbage	HTTP/1.1 200 OK	Server: Werkzeug/3.1.9 Python/3.11.15 | Date: Sun, 27 Sep 2026 19:10:43 GMT | Content-Type: text/html; charset=utf-8 | Content-Length: 6835 | Connection: close	6835	2763c3539a1a3881
B22_get-config-cookie-permanent	HTTP/1.1 200 OK	Server: Werkzeug/3.1.9 Python/3.11.15 | Date: Sun, 27 Sep 2026 19:10:43 GMT | Content-Type: text/html; charset=utf-8 | Content-Length: 7038 | Vary: Cookie | Set-Cookie: session=eyJfcGVybWFuZW50Ijp0cnVlfQ.arlqMw.NzpGh3rX7qSACQdBxRVe7fQrvVM; Expires=Wed, 28 Oct 2026 19:10:43 GMT; HttpOnly; Path=/ | Connection: close	7038	b7c006a43bfc75d8
C01_head-config	HTTP/1.1 200 OK	Server: Werkzeug/3.1.9 Python/3.11.15 | Date: Sun, 27 Sep 2026 19:10:59 GMT | Content-Type: text/html; charset=utf-8 | Content-Length: 6764 | Connection: close	0	e3b0c44298fc1c14
C02_get-config-query	HTTP/1.1 200 OK	Server: Werkzeug/3.1.9 Python/3.11.15 | Date: Sun, 27 Sep 2026 19:10:59 GMT | Content-Type: text/html; charset=utf-8 | Content-Length: 6764 | Connection: close	6764	ebd4d5b3b6cfe9c4
C03_get-root-lowercase-basic	HTTP/1.1 200 OK	Server: Werkzeug/3.1.9 Python/3.11.15 | Date: Sun, 27 Sep 2026 19:10:59 GMT | Content-Type: text/html; charset=utf-8 | Content-Length: 2028 | Connection: close	2028	b3c1001d2417d321
C04_post-config-lowercase-auth-header	HTTP/1.1 302 FOUND	Server: Werkzeug/3.1.9 Python/3.11.15 | Date: Sun, 27 Sep 2026 19:10:59 GMT | Content-Type: text/html; charset=utf-8 | Content-Length: 199 | Location: config | Vary: Cookie | Set-Cookie: session=.eJwtijEKgDAMAL8SMyn4Alcf4SAioaZaCK006SDFv6vgdHB3FVcvpAcrDnNFsBeoxTlWxR7HFH3YSyYLKUI5NzLe4O--iFwNtFMQgczKBu_kUjQKkfOnjLJ1uNzL_QCzfCX5.arlqQw.-B5HBJKZR1moRhIyH47cs0G3Rx4; HttpOnly; Path=/ | Connection: close	199	275acde84da62fa1
C05_post-config-json-ct	HTTP/1.1 302 FOUND	Server: Werkzeug/3.1.9 Python/3.11.15 | Date: Sun, 27 Sep 2026 19:10:59 GMT | Content-Type: text/html; charset=utf-8 | Content-Length: 199 | Location: config | Vary: Cookie | Set-Cookie: session=.eJwtijEKgDAMAL8SMyn4Alcf4SAioaZaCK006SDFv6vgdHB3FVcvpAcrDnNFsBeoxTlWxR7HFH3YSyYLKUI5NzLe4O--iFwNtFMQgczKBu_kUjQKkfOnjLJ1uNzL_QCzfCX5.arlqQw.-B5HBJKZR1moRhIyH47cs0G3Rx4; HttpOnly; Path=/ | Connection: close	199	275acde84da62fa1
C06_get-config-after-json	HTTP/1.1 200 OK	Server: Werkzeug/3.1.9 Python/3.11.15 | Date: Sun, 27 Sep 2026 19:10:59 GMT | Content-Type: text/html; charset=utf-8 | Content-Length: 6742 | Connection: close	6742	c2f21ba9c9e2272d
C07_post-config-multipart	HTTP/1.1 302 FOUND	Server: Werkzeug/3.1.9 Python/3.11.15 | Date: Sun, 27 Sep 2026 19:11:20 GMT | Content-Type: text/html; charset=utf-8 | Content-Length: 199 | Location: config | Vary: Cookie | Set-Cookie: session=.eJwtijEKgDAMAL8SMyn4Alcf4SAioaZaCK006SDFv6vgdHB3FVcvpAcrDnNFsBeoxTlWxR7HFH3YSyYLKUI5NzLe4O--iFwNtFMQgczKBu_kUjQKkfOnjLJ1uNzL_QCzfCX5.arlqWA.Nrcy11YqOdAv1rS2MY2CHbpbTWk; HttpOnly; Path=/ | Connection: close	199	275acde84da62fa1
C08_get-logs-head	HTTP/1.1 200 OK	Server: Werkzeug/3.1.9 Python/3.11.15 | Date: Sun, 27 Sep 2026 19:11:09 GMT | Content-Type: text/html; charset=utf-8 | Content-Length: 22885 | Connection: close	0	e3b0c44298fc1c14
C09_get-config-trailing-dot	HTTP/1.1 404 NOT FOUND	Server: Werkzeug/3.1.9 Python/3.11.15 | Date: Sun, 27 Sep 2026 19:11:09 GMT | Content-Type: text/html; charset=utf-8 | Content-Length: 207 | Connection: close	207	e9639e3c4681ce85
C10_get-static-dir	HTTP/1.1 404 NOT FOUND	Server: Werkzeug/3.1.9 Python/3.11.15 | Date: Sun, 27 Sep 2026 19:11:09 GMT | Content-Type: text/html; charset=utf-8 | Content-Length: 207 | Connection: close	207	e9639e3c4681ce85
C11_get-empty-path	NO STATUS LINE (HTTP/0.9 style response)		207	e9639e3c4681ce85
C12_bad-request-line	HTTP/1.1 405 METHOD NOT ALLOWED	Server: Werkzeug/3.1.9 Python/3.11.15 | Date: Sun, 27 Sep 2026 19:11:09 GMT | Content-Type: text/html; charset=utf-8 | Allow: GET, HEAD, OPTIONS | Content-Length: 153 | Connection: close	153	bfb286554b24db87
C13_put-root	HTTP/1.1 405 METHOD NOT ALLOWED	Server: Werkzeug/3.1.9 Python/3.11.15 | Date: Sun, 27 Sep 2026 19:11:09 GMT | Content-Type: text/html; charset=utf-8 | Allow: GET, HEAD, OPTIONS | Content-Length: 153 | Connection: close	153	bfb286554b24db87
C14_trace-root	HTTP/1.1 405 METHOD NOT ALLOWED	Server: Werkzeug/3.1.9 Python/3.11.15 | Date: Sun, 27 Sep 2026 19:11:09 GMT | Content-Type: text/html; charset=utf-8 | Allow: GET, HEAD, OPTIONS | Content-Length: 153 | Connection: close	153	bfb286554b24db87
C15_no-host-header	HTTP/1.1 200 OK	Server: Werkzeug/3.1.9 Python/3.11.15 | Date: Sun, 27 Sep 2026 19:11:09 GMT | Content-Type: text/html; charset=utf-8 | Content-Length: 2028 | Connection: close	2028	b3c1001d2417d321
C16_bad-host	HTTP/1.1 200 OK	Server: Werkzeug/3.1.9 Python/3.11.15 | Date: Sun, 27 Sep 2026 19:11:09 GMT | Content-Type: text/html; charset=utf-8 | Content-Length: 2028 | Connection: close	2028	b3c1001d2417d321
C17_bad-version	NO STATUS LINE (HTTP/0.9 style response)		363	0e9f1eb497607a0c
C18_bad-syntax	NO STATUS LINE (HTTP/0.9 style response)		23	0fcfb12dfad07ba0
C19_garbage	NO STATUS LINE (HTTP/0.9 style response)		0	e3b0c44298fc1c14
C20_header-no-colon	HTTP/1.1 200 OK	Server: Werkzeug/3.1.9 Python/3.11.15 | Date: Sun, 27 Sep 2026 19:11:30 GMT | Content-Type: text/html; charset=utf-8 | Content-Length: 2028 | Connection: close	2028	b3c1001d2417d321
C21_absolute-uri	HTTP/1.1 200 OK	Server: Werkzeug/3.1.9 Python/3.11.15 | Date: Sun, 27 Sep 2026 19:11:30 GMT | Content-Type: text/html; charset=utf-8 | Content-Length: 2028 | Connection: close	2028	b3c1001d2417d321
C22_absolute-uri-otherhost	HTTP/1.1 200 OK	Server: Werkzeug/3.1.9 Python/3.11.15 | Date: Sun, 27 Sep 2026 19:11:30 GMT | Content-Type: text/html; charset=utf-8 | Content-Length: 6757 | Connection: close	6757	de154357165e6512
C23_space-in-target	HTTP/1.1 404 NOT FOUND	Server: Werkzeug/3.1.9 Python/3.11.15 | Date: Sun, 27 Sep 2026 19:11:30 GMT | Content-Type: text/html; charset=utf-8 | Content-Length: 207 | Connection: close	207	e9639e3c4681ce85
C24_post-config-body-extra	HTTP/1.1 302 FOUND	Server: Werkzeug/3.1.9 Python/3.11.15 | Date: Sun, 27 Sep 2026 19:11:30 GMT | Content-Type: text/html; charset=utf-8 | Content-Length: 199 | Location: config | Vary: Cookie | Set-Cookie: session=.eJwtijEKgDAMAL8SMyn4Alcf4SAioaZaCK006SDFv6vgdHB3FVcvpAcrDnNFsBeoxTlWxR7HFH3YSyYLKUI5NzLe4O--iFwNtFMQgczKBu_kUjQKkfOnjLJ1uNzL_QCzfCX5.arlqYg.u-CMeWfJ_Yj8Wia22Z6-bVpXQSI; HttpOnly; Path=/ | Connection: close	199	275acde84da62fa1
D01_get-logs-lonecr-and-odd-separators	HTTP/1.1 200 OK	Server: Werkzeug/3.1.9 Python/3.11.15 | Date: Sun, 27 Sep 2026 19:11:47 GMT | Content-Type: text/html; charset=utf-8 | Content-Length: 1933 | Connection: close	1933	4197dd1d5b355855
D02_get-logs-bom	HTTP/1.1 200 OK	Server: Werkzeug/3.1.9 Python/3.11.15 | Date: Sun, 27 Sep 2026 19:11:47 GMT | Content-Type: text/html; charset=utf-8 | Content-Length: 1755 | Connection: close	1755	37062d4257f32fae
D03_get-logs-blank-crlf	HTTP/1.1 200 OK	Server: Werkzeug/3.1.9 Python/3.11.15 | Date: Sun, 27 Sep 2026 19:11:47 GMT | Content-Type: text/html; charset=utf-8 | Content-Length: 1857 | Connection: close	1857	4374f45f74b851a2
E01_get-root-gzip	HTTP/1.1 200 OK	Server: Werkzeug/3.1.9 Python/3.11.15 | Date: Sun, 27 Sep 2026 19:11:52 GMT | Content-Type: text/html; charset=utf-8 | Content-Length: 2028 | Connection: close	2028	b3c1001d2417d321
E02_get-root-if-modified	HTTP/1.1 200 OK	Server: Werkzeug/3.1.9 Python/3.11.15 | Date: Sun, 27 Sep 2026 19:11:52 GMT | Content-Type: text/html; charset=utf-8 | Content-Length: 2028 | Connection: close	2028	b3c1001d2417d321
E03_get-root-accept-html	HTTP/1.1 200 OK	Server: Werkzeug/3.1.9 Python/3.11.15 | Date: Sun, 27 Sep 2026 19:11:52 GMT | Content-Type: text/html; charset=utf-8 | Content-Length: 2028 | Connection: close	2028	b3c1001d2417d321
E04_get-root-long-url	HTTP/1.1 404 NOT FOUND	Server: Werkzeug/3.1.9 Python/3.11.15 | Date: Sun, 27 Sep 2026 19:11:52 GMT | Content-Type: text/html; charset=utf-8 | Content-Length: 207 | Connection: close	207	e9639e3c4681ce85
E05_get-root-long-url-70k	HTTP/1.1 414 Request-URI Too Long	Server: Werkzeug/3.1.9 Python/3.11.15 | Date: Sun, 27 Sep 2026 19:11:52 GMT | Connection: close | Content-Type: text/html;charset=utf-8 | Content-Length: 327	327	06d2ac9c02602133
E06_get-index-cookie-other	HTTP/1.1 200 OK	Server: Werkzeug/3.1.9 Python/3.11.15 | Date: Sun, 27 Sep 2026 19:11:52 GMT | Content-Type: text/html; charset=utf-8 | Content-Length: 2028 | Connection: close	2028	b3c1001d2417d321
F01_get-config-hassio-false	HTTP/1.1 200 OK	Server: Werkzeug/3.1.9 Python/3.11.15 | Date: Sun, 27 Sep 2026 19:12:13 GMT | Content-Type: text/html; charset=utf-8 | Content-Length: 6764 | Connection: close	6764	ebd4d5b3b6cfe9c4
F02_get-config-ingress-zero	HTTP/1.1 200 OK	Server: Werkzeug/3.1.9 Python/3.11.15 | Date: Sun, 27 Sep 2026 19:12:13 GMT | Content-Type: text/html; charset=utf-8 | Content-Length: 6764 | Connection: close	6764	ebd4d5b3b6cfe9c4
F03_get-config-both-ingress	HTTP/1.1 200 OK	Server: Werkzeug/3.1.9 Python/3.11.15 | Date: Sun, 27 Sep 2026 19:12:13 GMT | Content-Type: text/html; charset=utf-8 | Content-Length: 6764 | Connection: close	6764	ebd4d5b3b6cfe9c4
F04_get-config-auth-and-ingress-empty	HTTP/1.1 200 OK	Server: Werkzeug/3.1.9 Python/3.11.15 | Date: Sun, 27 Sep 2026 19:12:13 GMT | Content-Type: text/html; charset=utf-8 | Content-Length: 6764 | Connection: close	6764	ebd4d5b3b6cfe9c4
F05_get-root-wrong-auth-ingress	HTTP/1.1 200 OK	Server: Werkzeug/3.1.9 Python/3.11.15 | Date: Sun, 27 Sep 2026 19:12:13 GMT | Content-Type: text/html; charset=utf-8 | Content-Length: 2028 | Connection: close	2028	b3c1001d2417d321
G01_get-logs-isdir	HTTP/1.1 200 OK	Server: Werkzeug/3.1.9 Python/3.11.15 | Date: Sun, 27 Sep 2026 19:12:24 GMT | Content-Type: text/html; charset=utf-8 | Content-Length: 1778 | Connection: close	1778	824a8d4e93999280
G02_get-logs-permission	HTTP/1.1 200 OK	Server: Werkzeug/3.1.9 Python/3.11.15 | Date: Sun, 27 Sep 2026 19:12:26 GMT | Content-Type: text/html; charset=utf-8 | Content-Length: 1781 | Connection: close	1781	8e031b35bb9071c9
